ID,Strain,Anaerobic
001,Bilophila_wadsworthia_3_1_6.xml,1
002,Fusobacterium_nucleatum_subsp_animalis_7_1.xml,1
003,Lactobacillus_vaginalis_ATCC_49540.xml,1
004,Staphylococcus_pettenkoferi_VCU012.xml,1
005,Lactobacillus_acidophilus_NCFM.xml,1
006,Serratia_marcescens_subsp_marcescens_Db11.xml,1
007,Clostridium_symbiosum_WAL_14673.xml,1
008,Citrobacter_koseri_ATCC_BAA_895.xml,1
009,Bacteroides_sp_9_1_42FAA.xml,1
010,Morganella_morganii_subsp_morganii_KT.xml,1
011,Bacteroides_sp_2_1_33B.xml,1
012,Streptococcus_pneumoniae_G54.xml,1
013,Bifidobacterium_longum_E18.xml,1
014,Clostridium_hathewayi_DSM_13479.xml,1
015,Clostridium_saccharogumia_DSM_17460.xml,1
016,Bacteroides_eggerthii_DSM_20697.xml,1
017,Prevotella_loescheii_DSM_19665.xml,1
018,Bacteroides_sp_3_2_5.xml,1
019,Veillonella_parvula_Te3_DSM_2008.xml,1
020,Enterobacter_hormaechei_YT2.xml,1
021,Parabacteroides_distasonis_ATCC_8503.xml,1
022,Clostridium_saccharoperbutylacetonicum_N1_4_HMT.xml,1
023,Megasphaera_elsdenii_DSM_20460.xml,1
024,Bifidobacterium_longum_NCC2705.xml,1
025,Lactobacillus_iners_DSM_13335.xml,1
026,Lactobacillus_brevis_subsp_gravesensis_ATCC_27305.xml,1
027,Listeria_monocytogenes_SLCC_2378.xml,1
028,Fusobacterium_necrophorum_D12.xml,1
029,Fusobacterium_nucleatum_subsp_vincentii_3_1_27.xml,1
030,Ruminococcus_gnavus_ATCC_29149.xml,1
031,Campylobacter_rectus_RM3267.xml,1
032,Actinomyces_cardiffensis_F0333.xml,1
033,Bifidobacterium_mongoliense_DSM_21395.xml,1
034,Bacteroides_fragilis_3_1_12.xml,1
035,Bradyrhizobium_japonicum_USDA_6.xml,1
036,Clostridium_clariflavum_DSM_19732.xml,1
037,Streptococcus_parasanguinis_ATCC_903.xml,1
038,Listeria_monocytogenes_SLCC_7179.xml,1
039,Oribacterium_sinus_F0268.xml,1
040,Clostridium_butyricum_E4_str_BoNT_E_BL5262.xml,1
041,Blastococcus_massiliensis_AP3.xml,1
042,Aeromonas_hydrophila_subsp_hydrophila_ATCC_7966.xml,1
043,Gemella_haemolysans_ATCC_10379.xml,1
044,Ruminococcus_bicirculans_80_3.xml,1
045,Escherichia_coli_UTI89_UPEC.xml,1
046,Streptococcus_gordonii_str_Challis_substr_CH1.xml,1
047,Brevibacillus_borstelensis_AK1.xml,1
048,Ureaplasma_parvum_serovar_1_str_ATCC_27813.xml,0
049,Arthrobacter_castelli_DSM_16402.xml,1
050,Methanobrevibacter_ruminantium_M1.xml,1
051,Brevibacillus_brevis_NBRC_100599.xml,1
052,Providencia_rustigianii_DSM_4541.xml,1
053,Streptococcus_salivarius_JIM8777.xml,1
054,Clostridium_nexile_DSM_1787.xml,1
055,Odoribacter_splanchnicus_1651_6_DSM_20712.xml,1
056,Bacillus_nealsonii_AAU1.xml,1
057,Clostridium_butyricum_DSM_10702.xml,1
058,Bacteroides_ureolyticus_DSM_20703.xml,1
059,Anaerobaculum_hydrogeniformans_OS1_ATCC_BAA_1850.xml,1
060,Corynebacterium_ureicelerivorans.xml,1
061,Enterobacter_cancerogenus_ATCC_35316.xml,1
062,Brachyspira_pilosicoli_B2904.xml,1
063,Brevibacterium_casei_S18.xml,1
064,Alcaligenes_faecalis_subsp_faecalis_NBRC_13111.xml,1
065,Enterococcus_durans_ATCC_6056.xml,1
066,Aneurinibacillus_aneurinilyticus_ATCC_12856.xml,1
067,Prevotella_ruminicola_23.xml,1
068,Campylobacter_fetus_subsp_fetus_82_40.xml,1
069,Kallipyga_massiliensis_ph2.xml,1
070,Gordonia_terrae_NBRC_100016.xml,1
071,Kocuria_rhizophila_DC2201.xml,1
072,Roseburia_hominis_A2_183.xml,1
073,Bacillus_thermoamylovorans.xml,1
074,Lactobacillus_acidophilus_ATCC_4796.xml,1
075,Bifidobacterium_catenulatum_DSM_16992.xml,1
076,Propionibacterium_acnes_KPA171202.xml,1
077,Fusobacterium_ulcerans_ATCC_49185.xml,1
078,Acidaminococcus_fermentans_DSM_20731.xml,1
079,Campylobacter_lari_RM2100.xml,1
080,Staphylococcus_capitis_CR0101.xml,1
081,Prevotella_disiens_FB035_09AN.xml,1
082,Clostridium_botulinum_Bf.xml,1
083,Olsenella_profusa_F019501.xml,1
084,Propionibacterium_acidipropionici_ATCC_4875.xml,1
085,Geobacillus_vulcani_PSS1.xml,1
086,Streptococcus_peroris_ATCC_700780.xml,1
087,Veillonella_atypica_ACS_049_V_Sch6.xml,1
088,Delftia_acidovorans_SPH_1.xml,1
089,Parasutterella_excrementihominis_YIT_11859.xml,1
090,Arcanobacterium_haemolyticum_DSM_20595.xml,1
091,Prevotella_melaninogenica_ATCC_25845.xml,1
092,Peptoniphilus_lacrimalis_DSM_7455.xml,1
093,Bifidobacterium_gallicum_DSM_20093.xml,1
094,Bifidobacterium_breve_HPH0326.xml,1
095,Ruminococcus_flavefaciens_FD_1.xml,1
096,Odoribacter_laneus_YIT_12061.xml,1
097,Roseomonas_mucosa_ATCC_BAA_692.xml,1
098,Listeria_grayi_DSM_20601.xml,1
099,Eubacterium_brachy_ATCC_33089.xml,1
100,Alistipes_onderdonkii_DSM_19147.xml,1
101,Pseudomonas_nitroreducens_HBP1.xml,1
102,Methylobacterium_mesophilicum_SR1_6_6.xml,1
103,Eubacterium_saphenum_ATCC_49989.xml,1
104,Bifidobacterium_longum_longum_JDM301.xml,1
105,Bacteroides_finegoldii_DSM_17565.xml,1
106,Eikenella_corrodens_ATCC_23834.xml,1
107,Tatumella_ptyseos_ATCC_33301.xml,1
108,Listeria_monocytogenes_FSL_R2_561.xml,1
109,Bacteroides_plebeius_M12_DSM_17135.xml,1
110,Serratia_fonticola_RB_25.xml,1
111,Bacteroides_pectinophilus_ATCC_43243.xml,0
112,Corynebacterium_kroppenstedtii_DSM_44385.xml,1
113,Leminorella_grimontii_ATCC_33999.xml,1
114,Clostridium_sp_7_2_43FAA.xml,1
115,Eggerthella_sp_YY7918.xml,1
116,Rothia_dentocariosa_ATCC_17931.xml,1
117,Fusobacterium_nucleatum_subsp_nucleatum_ATCC_25586.xml,1
118,Eubacterium_hallii_L2_7.xml,1
119,Flavonifractor_plautii_ATCC_29863.xml,1
120,Clostridium_asparagiforme_DSM_15981.xml,1
121,Coprobacillus_sp_29_1.xml,1
122,Schlesneria_paludicola_DSM_18645.xml,1
123,Campylobacter_hominis_ATCC_BAA_381.xml,1
124,Streptococcus_gallolyticus_subsp_gallolyticus_ATCC_43143.xml,1
125,Streptococcus_pleomorphus_DSM_20574.xml,1
126,Sulfolobus_solfataricus_P2.xml,1
127,Fusobacterium_nucleatum_subsp_vincentii_3_1_36A2.xml,1
128,Desulfovibrio_desulfuricans_subsp_desulfuricans_DSM_642.xml,1
129,Ruminococcus_champanellensis_18P13.xml,1
130,Lautropia_mirabilis_ATCC_51599.xml,1
131,Bifidobacterium_longum_longum_CCUG_52486.xml,1
132,Streptococcus_infantarius_subsp_infantarius_ATCC_BAA_102.xml,1
133,Blautia_hydrogenotrophica_DSM_10507.xml,1
134,Paraprevotella_xylaniphila_YIT_11841.xml,1
135,Bifidobacterium_scardovii_JCM_12489.xml,1
136,Listeria_monocytogenes_J0161_FSL_R2_499.xml,1
137,Faecalibacterium_cf_prausnitzii_KLE1255.xml,1
138,Escherichia_albertii_TW07627.xml,1
139,Raoultella_planticola_ATCC_33531.xml,1
140,Silanimonas_lenta_DSM_16282.xml,1
141,Bacteroides_cellulosilyticus_DSM_14838.xml,1
142,Methylobacterium_radiotolerans_JCM_2831.xml,1
143,Anaerostipes_hadrus_DSM_3319.xml,1
144,Prevotella_albensis_DSM_11370.xml,1
145,Lactobacillus_jensenii_1153.xml,1
146,Lactobacillus_rhamnosus_LMS2_1.xml,1
147,Clostridium_sporosphaeroides_DSM_1294.xml,1
148,Streptococcus_constellatus_subsp_constellatus_SK53.xml,1
149,Bacteroides_sp_D22.xml,1
150,Acidaminococcus_intestini_RyC_MR95.xml,1
151,Bacteroides_sp_3_1_40A.xml,1
152,Eubacterium_hallii_DSM_3353.xml,1
153,Lactococcus_garvieae_ATCC_49156.xml,1
154,Streptococcus_mitis_NCTC_12261.xml,1
155,Proteus_penneri_ATCC_35198.xml,1
156,Ruminococcus_callidus_ATCC_2776001.xml,1
157,Clostridium_difficile_R20291.xml,1
158,Olsenella_uli_DSM_7084.xml,1
159,Fusobacterium_gonidiaformans_ATCC_25563.xml,1
160,Bifidobacterium_stercoris_DSM_24849.xml,1
161,Brachybacterium_paraconglomeratum_LC44.xml,1
162,Coprobacillus_sp_D7.xml,1
163,Bacteroides_sp_D20.xml,1
164,Eggerthella_lenta_DSM_2243.xml,1
165,Kurthia_massiliensis_JC30.xml,1
166,Mycoplasma_pneumoniae_309.xml,1
167,Parabacteroides_johnsonii_DSM_18315.xml,1
168,Citrobacter_freundii_ATCC_8090.xml,1
169,Stoquefichus_massiliensis_AP9.xml,1
170,Streptococcus_parauberis_KCTC_11537.xml,1
171,Citrobacter_amalonaticus_Y19.xml,1
172,Staphylococcus_lugdunensis_HKU09_01.xml,1
173,Mycobacterium_avium_subsp_avium_ATCC_25291.xml,1
174,Clostridium_sporogenes_ATCC_15579.xml,1
175,Anaerococcus_prevotii_DSM_20548.xml,1
176,Streptococcus_pseudopneumoniae_IS7493.xml,1
177,Rhodococcus_equi_ATCC_33707.xml,1
178,Bacteroides_sp_4_3_47FAA.xml,1
179,Bacillus_licheniformis_ATCC_14580.xml,1
180,Tannerella_forsythia_ATCC_43037.xml,1
181,Pseudomonas_alcaliphila_34.xml,1
182,Prevotella_bryantii_B14.xml,1
183,Fusobacterium_mortiferum_ATCC_9817.xml,1
184,Actinomyces_georgiae_DSM_6843.xml,1
185,Candidatus_Nitrososphaera_gargensis_Ga9_2.xml,0
186,Providencia_rettgeri_DSM_1131.xml,1
187,Comamonas_testosteroni_CNB_2.xml,1
188,Lactobacillus_casei_ATCC_334.xml,1
189,Acinetobacter_pittii_ANC_4052.xml,1
190,Pseudoflavonifractor_capillosus_strain_ATCC_29799.xml,1
191,Oxalobacter_formigenes_HOxBLS.xml,1
192,Bacteroides_thetaiotaomicron_VPI_5482.xml,1
193,Bradyrhizobium_elkanii_USDA_76.xml,1
194,Clostridium_spiroforme_DSM_1552.xml,1
195,Bacteroides_sp_3_1_23.xml,1
196,Clostridium_paraputrificum_AGR2156.xml,1
197,Ruminococcus_sp_5_1_39BFAA.xml,1
198,Capnocytophaga_sputigena_ATCC_33612.xml,1
199,Lactobacillus_salivarius_HO66_ATCC_11741.xml,1
200,Bifidobacterium_pseudocatenulatum_DSM_20438.xml,1
201,Vibrio_fluvialis_PG41.xml,1
202,Neisseria_flavescens_SK114.xml,1
203,Bifidobacterium_longum_longum_BBMN68.xml,1
204,Aerococcus_viridans_ATCC_11563.xml,1
205,Fusobacterium_sp_4_8.xml,1
206,Lysinibacillus_sphaericus_C3_41.xml,1
207,Paraprevotella_clara_YIT_11840.xml,1
208,Bacillus_clausii_KSM_K16.xml,1
209,Ruminococcus_obeum_A2_162.xml,1
210,Clostridium_botulinum_A_str_ATCC_19397.xml,1
211,Cryptobacterium_curtum_DSM_15641.xml,1
212,Gordonia_rubripertincta_NBRC_101908.xml,1
213,Edwardsiella_tarda_ATCC_23685.xml,1
214,Ureaplasma_urealyticum_serovar_8_str_ATCC_27618.xml,0
215,Porphyromonas_asaccharolytica_DSM_20707.xml,1
216,Acinetobacter_radioresistens_NIPH_2130.xml,1
217,Staphylococcus_vitulinus_F1028.xml,1
218,Lactobacillus_johnsonii_DPC_6026.xml,1
219,Sutterella_parvirubra_YIT_11816.xml,1
220,Oxalobacter_formigenes_OXCC13.xml,1
221,Klebsiella_oxytoca_KCTC_1686.xml,1
222,Bacteroides_massiliensis_B846dnLKV334.xml,1
223,Enterococcus_dispar_ATCC_51266.xml,1
224,Adlercreutzia_equolifaciens_DSM_19450.xml,1
225,Phascolarctobacterium_succinatutens_YIT_12067.xml,1
226,Bacillus_atrophaeus_ATCC_49822_1.xml,1
227,Neisseria_subflava_NJ9703.xml,1
228,Eubacterium_biforme_DSM_3989.xml,1
229,Bacillus_vallismortis_DV1_F_3.xml,1
230,Listeria_monocytogenes_SLCC_2540.xml,1
231,Clostridium_sp_SY8519.xml,1
232,Lachnospiraceae_bacterium_sp_5_1_63FAA.xml,1
233,Prevotella_timonensis_4401737.xml,1
234,Lactobacillus_plantarum_JDM1.xml,1
235,Haemophilus_haemolyticus_M19501.xml,1
236,Pseudomonas_stutzeri_DSM_4166.xml,1
237,Prevotella_denticola_DSM20614.xml,1
238,Veillonella_dispar_ATCC_17748.xml,1
239,Megamonas_hypermegale_ART12_1.xml,1
240,Ruminococcus_albus_7.xml,1
241,Gemella_sanguinis_M325.xml,1
242,Methanosphaera_stadtmanae_DSM_3091.xml,1
243,Staphylococcus_sciuri_subsp_sciuri_Z8.xml,1
244,Staphylococcus_capitis_QN1.xml,1
245,Bacteroides_graminisolvens_DSM_19988.xml,1
246,Clostridium_glycolicum_ATCC_14880.xml,1
247,Staphylococcus_simulans_ACS_120_V_Sch1.xml,1
248,Clostridium_innocuum_2959.xml,1
249,Actinobacillus_pleuropneumoniae_L20.xml,1
250,Stenotrophomonas_maltophilia_D457.xml,1
251,Alloprevotella_tannerae_ATCC_51259.xml,1
252,Bacteroides_timonensis_AP1.xml,1
253,Veillonella_ratti_ACS_216_V_Col6b.xml,1
254,Collinsella_tanakaei_YIT_12063.xml,1
255,Scardovia_inopinata_F0304.xml,1
256,Escherichia_coli_SE11.xml,1
257,Enterobacter_cloacae_EcWSU1.xml,1
258,Laribacter_hongkongensis_HLHK9.xml,1
259,Arcobacter_butzleri_RM4018.xml,1
260,Enterococcus_faecalis_TX2134.xml,1
261,Dialister_succinatiphilus_YIT_11850.xml,1
262,Paenibacillus_alvei_DSM_29.xml,1
263,Lactobacillus_reuteri_MM4_1A_.xml,1
264,Porphyromonas_uenonis_DSM_23387.xml,1
265,Atopobium_minutum_10063974.xml,1
266,Bacteroides_sp_1_1_30.xml,1
267,Sutterella_wadsworthensis_3_1_45B.xml,1
268,Bacteroides_dorei_DSM_17855.xml,1
269,Prevotella_shahii_JCM_12083.xml,1
270,Bifidobacterium_angulatum_DSM_20098.xml,1
271,Desulfovibrio_piger_ATCC_29098.xml,1
272,Porphyromonas_gingivalis_W83.xml,1
273,Bacteroides_coprophilus_DSM_18228.xml,1
274,Ruminococcus_sp_SR1_5.xml,1
275,Clostridium_botulinum_E1_str_BoNT_E_Beluga.xml,1
276,Bifidobacterium_longum_DJO10A.xml,1
277,Clostridium_bifermentans_ATCC_19299.xml,1
278,Actinomyces_oris_K20.xml,1
279,Bifidobacterium_thermophilum_RBL67.xml,1
280,Helicobacter_canadensis_MIT_98_5491.xml,1
281,Enterococcus_gallinarum_EG2.xml,1
282,Prevotella_bryantii_C21a.xml,1
283,Acinetobacter_baumannii_AB0057.xml,1
284,Streptococcus_sanguinis_SK36.xml,1
285,Ruminococcaceae_bacterium_D16.xml,1
286,Brevundimonas_diminuta_470_4.xml,1
287,Actinomyces_graevenitzii_C83.xml,1
288,Lactobacillus_amylovorus_GRL_1112.xml,1
289,Dermacoccus_nishinomiyaensis.xml,1
290,Cedecea_davisae_DSM_4568.xml,1
291,Bacillus_halodurans_C_125.xml,1
292,Bifidobacterium_animalis_lactis_BB_12.xml,1
293,Bacteroides_clarus_YIT_12056.xml,1
294,Shigella_dysenteriae_Sd197.xml,1
295,Enterococcus_faecalis_V583.xml,1
296,Staphylococcus_intermedius_ATCC_27335.xml,1
297,Enterococcus_faecium_TX1330.xml,1
298,Lactobacillus_plantarum_subsp_plantarum_ATCC_14917.xml,1
299,Enterobacter_aerogenes_KCTC_2190.xml,1
300,Pyramidobacter_piscolens_W5455.xml,1
301,Mogibacterium_timidum_ATCC_33093.xml,0
302,Coprococcus_catus_GD_7.xml,1
303,Providencia_stuartii_ATCC_25827.xml,1
304,Faecalibacterium_prausnitzii_M21_2.xml,1
305,Prevotella_buccae_ATCC_33574.xml,1
306,Streptococcus_oralis_Uo5.xml,1
307,Rothia_aeria_F0474.xml,1
308,Methyloversatilis_universalis_FAM5.xml,1
309,Corynebacterium_glucuronolyticum_ATCC_51867.xml,1
310,Neisseria_elongata_subsp_glycolytica_ATCC_29315.xml,1
311,Prevotella_denticola_F0289.xml,1
312,Clostridium_viride_DSM_6836.xml,1
313,Bifidobacterium_boum_DSM_20432.xml,1
314,Escherichia_albertii_KF1.xml,1
315,Haemophilus_parainfluenzae_T3T1.xml,1
316,Plesiomonas_shigelloides_302_73.xml,1
317,Eubacterium_desmolans_ATCC_43058.xml,1
318,Clostridium_tyrobutyricum_DSM_2637.xml,1
319,Clostridium_difficile_CD196.xml,1
320,Bacillus_megaterium_DSM319.xml,1
321,Enterococcus_hirae_ATCC_9790.xml,1
322,Dyadobacter_fermentans_DSM_18053.xml,1
323,Parvimonas_micra_ATCC_33270.xml,1
324,Pseudoramibacter_alactolyticus_ATCC_23263.xml,1
325,Staphylococcus_xylosus_NJ.xml,1
326,Bacteroides_vulgatus_ATCC_8482.xml,1
327,Melainabacterium_MEL_A1.xml,1
328,Pantoea_agglomerans_IG1.xml,1
329,Pseudomonas_monteilii_NBRC_103158.xml,1
330,Bacteroides_sp_2_1_22.xml,1
331,Klebsiella_pneumoniae_pneumoniae_MGH78578.xml,1
332,Filifactor_alocis_ATCC_35896.xml,1
333,Parabacteroides_sp_D13.xml,1
334,Bifidobacterium_bifidum_S17.xml,1
335,Haemophilus_influenzae_R2846.xml,1
336,Clostridium_beijerinckii_NCIMB_8052.xml,1
337,Megamonas_funiformis_YIT_11815.xml,1
338,Acinetobacter_calcoaceticus_PHEA_2.xml,1
339,Methylobacterium_populi_BJ001.xml,1
340,Lactobacillus_fermentum_IFO_3956.xml,1
341,Curtobacterium_flaccumfaciens_UCD_AKU.xml,1
342,Lactobacillus_johnsonii_NCC_533.xml,1
343,Staphylococcus_hominis_subsp_hominis_C80.xml,1
344,Dorea_longicatena_DSM_13814.xml,1
345,Bacteroides_uniformis_ATCC_8492.xml,1
346,Anaerofustis_stercorihominis_DSM_17244.xml,1
347,Campylobacter_curvus_525_92.xml,1
348,Brevibacterium_massiliense_5401308.xml,1
349,Faecalibacterium_prausnitzii_SL3_3.xml,1
350,Bacteroides_ovatus_SD_CMC_3f.xml,1
351,Prevotella_intermedia_ATCC_25611.xml,1
352,Lactobacillus_reuteri_SD2112_ATCC_55730.xml,1
353,Bacteroides_eggerthii_1_2_48FAA.xml,1
354,Actinomyces_odontolyticus_ATCC_17982.xml,1
355,Clostridium_sordellii_ATCC_9714.xml,1
356,Bacillus_thuringiensis_serovar_thuringiensis_str_T01001.xml,1
357,Clostridium_difficile_NAP08.xml,1
358,Clostridium_symbiosum_WAL_14163.xml,1
359,Streptococcus_sp_2_1_36FAA.xml,1
360,Clostridium_botulinum_F_str_230613.xml,1
361,Clostridium_clostridioforme_CM201.xml,1
362,Lactobacillus_hilgardii_ATCC_8290.xml,1
363,Prevotella_intermedia_17.xml,1
364,Bacillus_infantis_NRRL_B_14911.xml,1
365,Clostridium_ramosum_VPI_0427_DSM_1402.xml,1
366,Peptostreptococcus_stomatis_DSM_17678.xml,1
367,Fusobacterium_periodonticum_1_1_41FAA.xml,1
368,Succinatimonas_hippei_YIT_12066.xml,1
369,Microbacterium_paraoxydans_77MFTsu3_2.xml,1
370,Pediococcus_acidilactici_7_4.xml,1
371,Gordonibacter_pamelaeae_7_10_1_bT_DSM_19378.xml,1
372,Campylobacter_jejuni_jejuni_81_176.xml,1
373,Staphylococcus_equorum_subsp_equorum_Mu2.xml,1
374,Butyricimonas_virosa_DSM_23226.xml,1
375,Prevotella_conceptionensis_9403948.xml,1
376,Klebsiella_sp_1_1_55.xml,1
377,Cronobacter_sakazakii_ATCC_BAA_894.xml,1
378,Streptococcus_agalactiae_A909.xml,1
379,Bifidobacterium_animalis_lactis_Bl_04_ATCC_SD5219.xml,1
380,Aeromonas_veronii_B565.xml,1
381,Enterococcus_sp_7L76.xml,1
382,Bacillus_mojavensis_RO_H_1.xml,1
383,Collinsella_aerofaciens_ATCC_25986.xml,1
384,Paenibacillus_graminis_C4D1M.xml,1
385,Streptococcus_infantis_ATCC_700779.xml,1
386,Streptococcus_thoraltensis_DSM_12221.xml,1
387,Yersinia_bercovieri_ATCC_43970.xml,1
388,Grimontia_hollisae_CIP_101886.xml,1
389,Lactobacillus_helveticus_DPC_4571.xml,1
390,Enterobacteriaceae_bacterium_9_2_54FAA.xml,1
391,Bacteroides_fluxus_YIT_12057.xml,1
392,Alistipes_indistinctus_YIT_12060.xml,1
393,Listeria_monocytogenes_serotype_7_SLCC_2482.xml,1
394,Bacteroides_pyogenes_DSM20611.xml,1
395,Alistipes_shahii_WAL_8301.xml,1
396,Campylobacter_hyointestinalis_subsp_hyointestinalis_LMG_9260.xml,1
397,Kytococcus_sedentarius_DSM_20547.xml,1
398,Streptococcus_dysgalactiae_subsp_dysgalactiae_ATCC_27957.xml,1
399,Bacteroides_caccae_ATCC_43185.xml,1
400,Slackia_exigua_ATCC_700122.xml,1
401,Clostridiales_sp_1_7_47FAA.xml,1
402,Geobacillus_stearothermophilus_ATCC_7953.xml,1
403,Escherichia_sp_1_1_43.xml,1
404,Mycobacterium_fortuitum_subsp_fortuitum_DSM_46621.xml,1
405,Erysipelotrichaceae_bacterium_sp_3_1_53.xml,1
406,Vibrio_furnissii_NCTC_11218.xml,1
407,Slackia_piriformis_YIT_12062.xml,1
408,Propionibacterium_freudenreichii_subsp_shermanii_CIRM_BIA1.xml,1
409,Prevotella_corporis_DSM_18810.xml,1
410,Porphyromonas_endodontalis_ATCC_35406.xml,1
411,Ruminococcus_lactaris_ATCC_29176.xml,1
412,Aeromonas_media_WS.xml,1
413,Enterococcus_asini_ATCC_700915.xml,1
414,Vibrio_fluvialis_I21563.xml,1
415,Finegoldia_magna_ATCC_29328.xml,1
416,Marvinbryantia_formatexigens_I_52_DSM_14469.xml,1
417,Escherichia_sp_4_1_40B.xml,1
418,Cloacibacillus_evryensis_DSM_19522.xml,1
419,Dyadobacter_beijingensis_DSM_21582.xml,1
420,Bifidobacterium_animalis_lactis_AD011.xml,1
421,Citrobacter_sp_30_2.xml,1
422,Bifidobacterium_bifidum_PRL2010.xml,1
423,Clostridium_cadaveris_AGR2141.xml,1
424,Pediococcus_pentosaceus_ATCC_25745.xml,1
425,Bacteroides_sp_20_3.xml,1
426,Nevskia_ramosa_DSM_11499.xml,1
427,Bacillus_firmus_DS1.xml,1
428,Blautia_producta_DSM_2950.xml,1
429,Prevotella_oralis_ATCC_33269.xml,1
430,Prevotella_nigrescens_ATCC_33563.xml,1
431,Blautia_obeum_ATCC_29174.xml,1
432,Prevotella_brevis_ATCC_19188.xml,1
433,Anaerococcus_vaginalis_ATCC_51170.xml,1
434,Pseudomonas_oleovorans_MOIL14HWK12.xml,1
435,Eubacterium_sulci_ATCC_35585.xml,1
436,Ralstonia_sp_5_7_47FAA.xml,1
437,Campylobacter_coli_JV20.xml,1
438,Bifidobacterium_animalis_lactis_Bi_07.xml,1
439,Bacteroides_sp_4_1_36.xml,1
440,Lactobacillus_delbrueckii_subsp_bulgaricus_ATCC_BAA_365.xml,1
441,Cellulosimicrobium_cellulans_J36.xml,0
442,Lactobacillus_reuteri_CF48_3A_.xml,1
443,Bacteroides_nordii_CL02T12C05.xml,1
444,Bifidobacterium_bifidum_BGN4.xml,1
445,Eubacterium_ramulus_ATCC_29099.xml,1
446,Citrobacter_freundii_UCI_31.xml,1
447,Exiguobacterium_aurantiacum_DSM_6208.xml,1
448,Atopobium_parvulum_DSM_20469.xml,1
449,Brevibacillus_agri_BAB_2500.xml,1
450,Brochothrix_thermosphacta_DSM_20171.xml,1
451,Burkholderia_cepacia_GG4.xml,1
452,Staphylococcus_xylosus_DMB3_Bh1.xml,1
453,Bacteroides_sp_3_1_33FAA.xml,1
454,Weissella_paramesenteroides_ATCC_33313.xml,1
455,Bifidobacterium_animalis_lactis_DSM_10140.xml,1
456,Faecalibacterium_prausnitzii_A2_165.xml,1
457,Bifidobacterium_pseudolongum_subsp_Pseudolongum_DSM_20099.xml,1
458,Leuconostoc_mesenteroides_subsp_cremoris_ATCC_19254.xml,1
459,Bacteroides_sp_2_1_7.xml,1
460,Escherichia_hermannii_NBRC_105704.xml,1
461,Mycoplasma_hominis_ATCC_23114.xml,0
462,Brevibacterium_linens_BL2.xml,1
463,Lactobacillus_rhamnosus_GG_ATCC_53103.xml,1
464,Porphyromonas_somerae_DSM_23386.xml,1
465,Aggregatibacter_aphrophilus_NJ8700.xml,1
466,Bacillus_pseudofirmus_OF4.xml,1
467,Lactococcus_lactis_subsp_lactis_Il1403.xml,1
468,Cetobacterium_somerae_ATCC_BAA_47401.xml,1
469,Kingella_oralis_ATCC_51147.xml,1
470,Escherichia_coli_str_K_12_substr_MG1655.xml,1
471,Bifidobacterium_ruminantium_DSM_6489.xml,1
472,Neisseria_cinerea_ATCC_14685.xml,1
473,Staphylococcus_epidermidis_ATCC_12228.xml,1
474,Bacillus_subtilis_str_168.xml,1
475,Holdemania_filiformis_VPI_J1_31B_1_DSM_12042.xml,1
476,Yokenella_regensburgei_ATCC_43003.xml,1
477,Bifidobacterium_bifidum_NCIMB_41171.xml,1
478,Bacillus_amyloliquefaciens_subsp_amyloliquefaciens_DC_12.xml,1
479,Escherichia_coli_O157_H7_str_Sakai.xml,1
480,Yersinia_kristensenii_ATCC_33638.xml,1
481,Propionibacterium_jensenii_DSM_20535.xml,1
482,Leptotrichia_buccalis_C_1013_b.xml,1
483,Brevundimonas_bacteroides_DSM_4726.xml,1
484,Eubacterium_eligens_ATCC_27750.xml,1
485,Acinetobacter_johnsonii_SH046.xml,1
486,Lactobacillus_sakei_subsp_sakei_23K.xml,1
487,Microbacterium_oleivorans_NBRC_103075.xml,1
488,Mitsuokella_multacida_DSM_20544.xml,1
489,Ruminococcus_torques_ATCC_27756.xml,1
490,Lactobacillus_paracasei_subsp_paracasei_ATCC_25302.xml,1
491,Enterococcus_phoeniculicola_ATCC_BAA_412.xml,1
492,Capnocytophaga_granulosa_ATCC_51502.xml,1
493,Streptococcus_constellatus_subsp_pharyngis_SK1060.xml,1
494,Parabacteroides_gordonii_DSM_23371.xml,1
495,Haemophilus_sputorum_CCUG_13788.xml,1
496,Lactobacillus_delbrueckii_subsp_bulgaricus_ATCC_11842.xml,1
497,Aeromonas_caviae_Ae398.xml,1
498,Enterobacter_asburiae_LF7a.xml,1
499,Oceanobacillus_picturae_strain_S1.xml,1
500,Clostridium_methylpentosum_R2_DSM_5476.xml,1
501,Bacteroides_coprocola_M16_DSM_17136.xml,1
502,Bacteroides_ovatus_SD_CC_2a.xml,1
503,Bacteroides_xylanisolvens_SD_CC_1b.xml,1
504,Bacteroides_sp_1_1_14.xml,1
505,Eubacterium_dolichum_DSM_3991.xml,1
506,Anaerostipes_sp_3_2_56FAA.xml,1
507,Edwardsiella_tarda_FL6_60.xml,1
508,Prevotella_stercorea_DSM_18206.xml,1
509,Helicobacter_winghamensis_ATCC_BAA_430.xml,1
510,Spirosoma_linguale_DSM_74.xml,1
511,Campylobacter_jejuni_jejuni_M1.xml,1
512,Listeria_monocytogenes_4a_L99.xml,1
513,Rhodococcus_equi_NBRC_101255.xml,1
514,Yersinia_enterocolitica_subsp_enterocolitica_8081.xml,1
515,Butyricicoccus_pullicaecorum_1_2.xml,1
516,Butyricimonas_synergistica_DSM_23225.xml,1
517,Coprococcus_comes_ATCC_27758.xml,1
518,Eubacterium_siraeum_70_3.xml,1
519,Bacillus_endophyticus_2102.xml,1
520,Lactococcus_raffinolactis_4877.xml,1
521,Butyrivibrio_crossotus_DSM_2876.xml,1
522,Escherichia_sp_3_2_53FAA.xml,1
523,Streptococcus_intermedius_JTH08.xml,1
524,Bifidobacterium_dentium_ATCC_27678.xml,1
525,Neisseria_macacae_ATCC_33926.xml,1
526,Lactobacillus_ultunensis_DSM_16047.xml,1
527,Lactobacillus_animalis_KCTC_3501.xml,1
528,Bacteroides_fragilis_NCTC_9343.xml,1
529,Akkermansia_muciniphila_ATCC_BAA_835.xml,1
530,Bifidobacterium_longum_longum_ATCC_55813.xml,1
531,Corynebacterium_striatum_ATCC_6940.xml,1
532,Providencia_alcalifaciens_DSM_30120.xml,1
533,Lactobacillus_gasseri_ATCC_33323.xml,1
534,Clostridium_bolteae_ATCC_BAA_613.xml,1
535,Eubacterium_rectale_ATCC_33656.xml,1
536,Clostridium_symbiosum_ATCC_14940.xml,1
537,Ureibacillus_thermosphaericus_str_Thermo_BF.xml,1
538,Bacteroides_xylanisolvens_XB1A.xml,1
539,Lactobacillus_gastricus_PS3.xml,1
540,Bacteroides_ovatus_ATCC_8483.xml,1
541,Cellulosilyticum_lentocellum_DSM_5427.xml,1
542,Lactobacillus_casei_casei_BL23.xml,1
543,Leuconostoc_gelidum_JB7.xml,1
544,Bifidobacterium_thermacidophilum_subsp_thermacidophilum_DSM_15837.xml,1
545,Achromobacter_xylosoxidans_A8.xml,1
546,Solobacterium_moorei_DSM_22971.xml,1
547,Bacteroides_sp_D1.xml,1
548,Bacteroides_fragilis_638R.xml,1
549,Bacteroides_fragilis_YCH46.xml,1
550,Clostridium_acetobutylicum_ATCC_824.xml,1
551,Blautia_wexlerae_DSM_19850.xml,1
552,Mesorhizobium_loti_MAFF303099.xml,1
553,Salmonella_enterica_enterica_sv_Typhimurium_LT2.xml,1
554,Yersinia_pseudotuberculosis_YPIII.xml,1
555,Streptococcus_anginosus_1_2_62CV.xml,1
556,Hafnia_alvei_ATCC_51873.xml,1
557,Actinomyces_urogenitalis_DSM_15434.xml,1
558,Veillonella_sp_3_1_44.xml,1
559,Anaerotruncus_colihominis_DSM_17241.xml,1
560,Clostridium_sticklandii_DSM_519.xml,1
561,Prevotella_timonensis_CRIS_5C_B1.xml,1
562,Bifidobacterium_longum_infantis_157F_NC.xml,1
563,Staphylococcus_warneri_SG1.xml,1
564,Bacillus_mycoides_DSM_2048.xml,1
565,Clostridium_botulinum_A_str_Hall.xml,1
566,Alistipes_putredinis_DSM_17216.xml,1
567,Clostridium_citroniae_WAL_17108.xml,1
568,Kandleria_vitulina_DSM_20405.xml,1
569,Paracoccus_yeei_ATCC_BAA_599.xml,1
570,Prevotella_veroralis_DSM_19559.xml,1
571,Ruminococcus_flavefaciens_ATCC_19208.xml,1
572,Eubacterium_siraeum_DSM_15702.xml,1
573,Propionibacterium_avidum_44067.xml,1
574,Corynebacterium_propinquum_DSM_44285.xml,1
575,Enterobacter_hormaechei_YT3.xml,1
576,Bacteroides_sp_1_1_6.xml,1
577,Staphylococcus_arlettae_CVD059.xml,1
578,Pseudomonas_fluorescens_PfO_1.xml,1
579,Clostridium_sartagoforme_AAU1.xml,1
580,Kluyvera_ascorbata_ATCC_33433.xml,1
581,Rhodococcus_rhodochrous_ATCC_21198.xml,1
582,Corynebacterium_ulcerans_809.xml,1
583,Parabacteroides_merdae_ATCC_43184.xml,1
584,Corynebacterium_durum_F0235.xml,1
585,Vibrio_fluvialis_560.xml,1
586,Pediococcus_acidilactici_DSM_20284.xml,1
587,Moraxella_catarrhalis_RH4.xml,1
588,Bacillus_pumilus_ATCC_7061.xml,1
589,Yersinia_rohdei_ATCC_43380.xml,1
590,Clostridium_leptum_DSM_753.xml,1
591,Lactobacillus_antri_DSM_16041.xml,1
592,Citrobacter_youngae_ATCC_29220.xml,1
593,Corynebacterium_amycolatum_SK46.xml,1
594,Listeria_monocytogenes_Finland_1988.xml,1
595,Corynebacterium_aurimucosum_ATCC_700975.xml,1
596,Blautia_hansenii_VPI_C7_24_DSM_20583.xml,1
597,Granulicatella_elegans_ATCC_700633.xml,1
598,Ochrobactrum_anthropi_ATCC_49188.xml,1
599,Streptococcus_vestibularis_F0396.xml,1
600,Enterococcus_saccharolyticus_DSM8903.xml,1
601,Kocuria_palustris_PEL.xml,1
602,Ruminococcus_gauvreauii_DSM_19829.xml,1
603,Prevotella_disiens_JCM_6334.xml,1
604,Anaerococcus_hydrogenalis_DSM_7454.xml,1
605,Trueperella_pyogenes_MS249.xml,1
606,Prevotella_salivae_DSM_15606.xml,1
607,Bacteroides_sp_3_1_19.xml,1
608,Helicobacter_bilis_ATCC_43879.xml,1
609,Bacillus_altitudinis_41KF2b.xml,1
610,Lactobacillus_paracasei_subsp_paracasei_8700_2.xml,1
611,Lactobacillus_salivarius_salivarius_UCC118.xml,1
612,Bacillus_flexus_27Col1_1E.xml,1
613,Listeria_monocytogenes_4b_F2365.xml,1
614,Campylobacter_showae_CSUNSWCD.xml,1
615,Lysinibacillus_fusiformis_ZB2.xml,1
616,Sphingomonas_paucimobilis_HER1398.xml,1
617,Trabulsiella_guamensis_ATCC_49490.xml,1
618,Clostridium_methoxybenzovorans_SR3.xml,1
619,Erysipelotrichaceae_bacterium_5_2_54FAA.xml,1
620,Lactobacillus_crispatus_125_2_CHN.xml,1
621,Clostridium_hiranonis_TO_931_DSM_13275.xml,1
622,Subdoligranulum_variabile_DSM_15176.xml,1
623,Campylobacter_jejuni_jejuni_NCTC_11168.xml,1
624,Lactobacillus_buchneri_ATCC_11577.xml,1
625,Peptostreptococcus_anaerobius_DSM_2949.xml,1
626,Eggerthia_catenaformis_OT_569.xml,1
627,Halococcus_morrhuae_DSM1307.xml,1
628,Lactobacillus_oris_F0423.xml,1
629,Propionibacterium_granulosum_DSM_20700.xml,1
630,Fusobacterium_nucleatum_subsp_vincentii_4_1_13.xml,1
631,Clostridium_botulinum_A_str_ATCC_3502.xml,1
632,Clostridium_perfringens_ATCC_13124.xml,1
633,Granulicatella_adiacens_ATCC_49175.xml,1
634,Porphyromonas_uenonis_60_3.xml,1
635,Eubacterium_rectale_M104_1.xml,1
636,Prevotella_copri_CB7_DSM_18205.xml,1
637,Clostridium_hylemonae_DSM_15053.xml,1
638,Mobiluncus_curtisii_ATCC_43063.xml,1
639,Parabacteroides_goldsteinii_dnLKV18.xml,1
640,Actinomyces_turicensis_ACS_279_V_Col4.xml,1
641,Alistipes_finegoldii_DSM_17242.xml,1
642,Roseburia_inulinivorans_DSM_16841.xml,1
643,Lactobacillus_amylolyticus_DSM_11664.xml,1
644,Pseudomonas_aeruginosa_NCGM2_S1.xml,1
645,Bifidobacterium_longum_infantis_ATCC_15697.xml,1
646,Clostridium_hathewayi_12489931.xml,1
647,Prevotella_enoeca_JCM_12259.xml,1
648,Lactobacillus_reuteri_MM2_3_.xml,1
649,Clostridium_indolis_DSM_755.xml,1
650,Eggerthella_sp_1_3_56FAA.xml,1
651,Enterococcus_casseliflavus_ATCC_12755.xml,1
652,Bacteroides_intestinalis_341_DSM_17393.xml,1
653,Helicobacter_pullorum_MIT_98_5489.xml,1
654,Collinsella_intestinalis_DSM_13280.xml,1
655,Bacteroides_sp_2_2_4.xml,1
656,Methanobrevibacter_smithii_ATCC_35061.xml,1
657,Staphylococcus_saprophyticus_subsp_saprophyticus_ATCC_15305.xml,1
658,Eubacterium_limosum_KIST612.xml,1
659,Fusobacterium_gonidiaformans_3_1_5R.xml,1
660,Barnesiella_intestinihominis_YIT_11860.xml,1
661,Acidaminococcus_sp_D21.xml,1
662,Weissella_confusa_LBAE_C39_2.xml,1
663,Succinivibrio_dextrinosolvens_H5.xml,1
664,Bifidobacterium_longum_longum_JCM_1217.xml,1
665,Pseudomonas_putida_F1.xml,1
666,Leuconostoc_argentinum_KCTC_3773.xml,1
667,Bifidobacterium_kashiwanohense_DSM_21854.xml,1
668,Bulleidia_extructa_W1219.xml,1
669,Fusobacterium_varium_ATCC_27725.xml,1
670,Acinetobacter_lwoffii_WJ10621.xml,1
671,Vibrio_mimicus_MB_451.xml,1
672,Methanomassiliicoccus_luminyensis_B10.xml,1
673,Dietzia_cinnamea_P4.xml,1
674,Lactobacillus_plantarum_WCFS1.xml,1
675,Lactobacillus_reuteri_F275_JCM_1112.xml,1
676,Bacillus_cereus_AH187_F4810_72.xml,1
677,Stenotrophomonas_rhizophila_PCA13.xml,1
678,Campylobacter_jejuni_jejuni_ICDCCJ07004.xml,1
679,Helicobacter_pylori_26695.xml,1
680,Staphylococcus_caprae_C87.xml,1
681,Bacillus_fordii_DSM_16014.xml,1
682,Bacteroides_stercoris_ATCC_43183.xml,1
683,Staphylococcus_aureus_subsp_aureus_USA300_FPR3757.xml,1
684,Hafnia_alvei_BIDMC_31.xml,1
685,Streptococcus_australis_ATCC_700641.xml,1
686,Varibaculum_cambriense_DSM_15806.xml,1
687,Shigella_sonnei_Ss046.xml,1
688,Roseburia_intestinalis_L1_82.xml,1
689,Bacillus_sonorensis_L12.xml,1
690,Brevibacillus_agri_5_2.xml,1
691,Anaerobiospirillum_succiniciproducens_DSM_640001.xml,1
692,Clostridium_cellobioparum_DSM_1351.xml,1
693,Fusobacterium_periodonticum_2_1_31.xml,1
694,Staphylococcus_pasteuri_SP1.xml,1
695,Pseudomonas_monteilii_QM.xml,1
696,Mitsuokella_jalaludinii_DSM_13811.xml,1
697,Bordetella_hinzii_OH87_BAL007II.xml,1
698,Anaerostipes_caccae_DSM_14662.xml,1
699,Bacillus_cereus_G9842.xml,1
700,Dialister_invisus_DSM_15470.xml,1
701,Rothia_mucilaginosa_DY_18.xml,1
702,Enterococcus_caccae_ATCC_BAA_1240.xml,1
703,Aeromonas_jandaei_Riv2.xml,1
704,Agrobacterium_tumefaciens_F2.xml,1
705,Catenibacterium_mitsuokai_DSM_15897.xml,1
706,Micromonospora_aurantiaca_ATCC_27029.xml,1
707,Rhodococcus_erythropolis_PR4.xml,1
708,Paenibacillus_daejeonensis_DSM_15491.xml,1
709,Corynebacterium_ammoniagenes_DSM_20306.xml,1
710,Gordonia_terrae_C_6.xml,1
711,Desulfovibrio_sp_3_1_syn3.xml,1
712,Atopobium_rimae_ATCC_49626.xml,1
713,Bacteroides_salyersiae_WAL_10018.xml,1
714,Bacillus_timonensis_10403023.xml,1
715,Corynebacterium_tuberculostearicum_SK141.xml,1
716,Lactobacillus_curvatus_CRL_705.xml,1
717,Capnocytophaga_ochracea_DSM_7271.xml,1
718,Lactobacillus_coryniformis_subsp_coryniformis_CECT_5711.xml,1
719,Afipia_birgiae_34632.xml,1
720,Collinsella_stercoris_DSM_13279.xml,1
721,Bifidobacterium_coryneforme_DSM_20216.xml,1
722,Eubacterium_ventriosum_ATCC_27560.xml,1
723,Microbacterium_gubbeenense_DSM_15944.xml,1
724,Solobacterium_moorei_F0204.xml,1
725,Streptococcus_pyogenes_MGAS9429.xml,1
726,Enterococcus_faecalis_TX0104.xml,1
727,Acinetobacter_haemolyticus_NIPH_261.xml,1
728,Campylobacter_upsaliensis_JV21.xml,1
729,Bifidobacterium_animalis_lactis_CNCM_I_2494.xml,1
730,Paenibacillus_lactis_154.xml,1
731,Propionibacterium_propionicum_F0230a.xml,1
732,Enterococcus_cecorum_DSM_20682.xml,1
733,Bartonella_quintana_Toulouse.xml,1
734,Ruminococcus_bromii_L2_63.xml,1
735,Streptococcus_equi_subsp_equi_4047.xml,1
736,Peptoniphilus_indolicus_ATCC_29427.xml,1
737,Streptococcus_mutans_ATCC_25175.xml,1
738,Actinomyces_viscosus_C505.xml,1
739,Tropheryma_whipplei_str_Twist.xml,1
740,Veillonella_sp_6_1_27.xml,1
741,Achromobacter_xylosoxidans_NBRC_15126.xml,1
742,Fusobacterium_russii_ATCC_25533.xml,1
743,Escherichia_fergusonii_ATCC_35469.xml,1
744,Acinetobacter_junii_SH205.xml,1
745,Weissella_cibaria_KACC_11862.xml,1
746,Methyloversatilis_universalis_Fam50001.xml,1
747,Abiotrophia_defectiva_ATCC_49176.xml,1
748,Shigella_flexneri_2002017.xml,1
749,Streptococcus_lutetiensis_033.xml,1
750,Prevotella_bivia_DSM_20514.xml,1
751,Faecalibacterium_prausnitzii_L2_6.xml,1
752,Eubacterium_cylindroides_T2_87.xml,1
753,Streptococcus_sp_I_G2.xml,1
754,Enterococcus_faecalis_OG1RF_ATCC_47077.xml,1
755,Clostridium_celatum_DSM_1785.xml,1
756,Fusobacterium_nucleatum_subsp_animalis_3_1_33.xml,1
757,Gemella_morbillorum_M424.xml,1
758,Clostridium_bartlettii_DSM_16795.xml,1
759,Bifidobacterium_breve_UCC2003_NCIMB8807.xml,1
760,Rudanella_lutea_DSM_19387.xml,1
761,Bacteroides_oleiciplenus_YIT_12058.xml,1
762,Lactobacillus_coleohominis_101_4_CHN.xml,1
763,Paenibacillus_barengoltzii_G22.xml,1
764,Clostridium_sp_SS2_1.xml,1
765,Streptococcus_cristatus_ATCC_51100.xml,1
766,Fusobacterium_nucleatum_subsp_animalis_D11.xml,1
767,Campylobacter_gracilis_RM3268.xml,1
768,Eubacterium_cellulosolvens_6.xml,1
769,Lactobacillus_mucosae_LM1.xml,1
770,Peptoniphilus_timonensis_JC401.xml,1
771,Enterococcus_avium_ATCC_14025.xml,1
772,Lachnospiraceae_bacterium_sp_8_1_57FAA.xml,1
773,Dysgonomonas_gadei_ATCC_BAA_286.xml,1
774,Actinomyces_naeslundii_str_Howell_279.xml,1
775,Prevotella_nanceiensis_DSM_19126.xml,1
776,Micrococcus_luteus_NCTC_2665.xml,1
777,Selenomonas_ruminantium_AC2024.xml,1
778,Proteus_mirabilis_ATCC_29906.xml,1
779,Dorea_formicigenerans_ATCC_27755.xml,1
780,Burkholderiales_bacterium_1_1_47.xml,1
781,Staphylococcus_haemolyticus_JCSC1435.xml,1
782,Ruminococcus_torques_L2_14.xml,1
783,Peptoniphilus_harei_ACS_146_V_Sch2b.xml,1
784,Streptococcus_equinus_ATCC_9812.xml,1
785,Yersinia_frederiksenii_ATCC_33641.xml,1
786,Staphylococcus_cohnii_hu_01.xml,1
787,Leuconostoc_lactis_KACC_91922.xml,1
788,Streptococcus_thermophilus_LMG_18311.xml,1
789,Enterococcus_faecalis_TX1322.xml,1
790,Alcaligenes_faecalis_subsp_faecalis_NCIB_8687.xml,1
791,Clostridium_difficile_NAP07.xml,1
792,Lactobacillus_ruminis_ATCC_25644.xml,1
793,Serratia_liquefaciens_ATCC_27592.xml,1
794,Streptococcus_uberis_0140J.xml,1
795,Vibrio_parahaemolyticus_RIMD_2210633.xml,1
796,Streptococcus_sp_I_P16.xml,1
797,Bacillus_amyloliquefaciens_DSM7.xml,1
798,Neisseria_mucosa_ATCC_25996.xml,1
799,Gemella_sanguinis_ATCC700632.xml,1
800,Bacteroides_sp_D2.xml,1
801,Lachnospira_multipara_ATCC_19207.xml,1
802,Clostridium_scindens_ATCC_35704.xml,1
803,Pseudobutyrivibrio_ruminis_AD2017.xml,1
804,Bifidobacterium_animalis_lactis_V9.xml,1
805,Clostridium_sp_M62_1.xml,1
806,Bacteroides_faecis_MAJ27.xml,1
807,Prevotella_pallens_ATCC_700821.xml,1
808,Lactobacillus_fermentum_ATCC_14931.xml,1
809,Ochrobactrum_intermedium_LMG_3301.xml,1
810,Campylobacter_concisus_13826.xml,1
811,Lactobacillus_pentosus_KCA1.xml,1
812,Bifidobacterium_adolescentis_ATCC_15703.xml,1
813,Lactobacillus_helveticus_DSM_20075.xml,1
814,Clostridium_sp_L2_50.xml,1
815,Coprococcus_eutactus_ATCC_27759.xml,1
816,Helicobacter_cinaedi_CCUG_18818.xml,1
817,Butyrivibrio_fibrisolvens_16_4.xml,1
818,Lactobacillus_brevis_ATCC_367.xml,1
