,XML File,strain_name,ncbiid,genome_accession
0,Acidaminococcus_fermentans_DSM_20731.xml,Acidaminococcus_fermentans_DSM_20731,591001,GCF_020735645.1
1,Acidaminococcus_intestini_RyC_MR95.xml,Acidaminococcus_intestini_RyC_MR95,568816,GCF_000230275.1
2,Actinomyces_naeslundii_str_Howell_279.xml,Actinomyces_naeslundii_str_Howell_279,1115803,GCF_000285995.1
3,Actinomyces_odontolyticus_ATCC_17982.xml,Actinomyces_odontolyticus_ATCC_17982,411466,GCF_000154225.1
4,Actinomyces_oris_K20.xml,Actinomyces_oris_K20,871541,GCF_023169925.1
5,Adlercreutzia_equolifaciens_DSM_19450.xml,Adlercreutzia_equolifaciens_DSM_19450,1384484,GCF_000478885.1
6,Aggregatibacter_aphrophilus_NJ8700.xml,Aggregatibacter_aphrophilus_NJ8700,634176,GCF_001188835.1
7,Akkermansia_muciniphila_ATCC_BAA_835.xml,Akkermansia_muciniphila_ATCC_BAA_835,349741,GCF_017504145.1
8,Alistipes_finegoldii_DSM_17242.xml,Alistipes_finegoldii_DSM_17242,679935,GCF_964239605.1
9,Alistipes_shahii_WAL_8301.xml,Alistipes_shahii_WAL_8301,717959,GCF_025145845.1
10,Anaerococcus_prevotii_DSM_20548.xml,Anaerococcus_prevotii_DSM_20548,525919,GCF_000024105.1
11,Anaerostipes_hadrus_DSM_3319.xml,Anaerostipes_hadrus_DSM_3319,649757,GCF_030296915.1
12,Arcobacter_butzleri_RM4018.xml,Arcobacter_butzleri_RM4018,367737,GCF_000014025.1
13,Atopobium_parvulum_DSM_20469.xml,Atopobium_parvulum_DSM_20469,521095,GCA_905371835.1
14,Bacteroides_caccae_ATCC_43185.xml,Bacteroides_caccae_ATCC_43185,411901,GCF_000169015.1
15,Bacteroides_cellulosilyticus_DSM_14838.xml,Bacteroides_cellulosilyticus_DSM_14838,537012,GCF_964246395.1
16,Bacteroides_dorei_DSM_17855.xml,Bacteroides_dorei_DSM_17855,483217,GCF_000156075.1
17,Bacteroides_fragilis_3_1_12.xml,Bacteroides_fragilis_3_1_12,457424,GCF_000157015.1
18,Bacteroides_fragilis_638R.xml,Bacteroides_fragilis_638R,862962,GCF_964238615.1
19,Bacteroides_fragilis_NCTC_9343.xml,Bacteroides_fragilis_NCTC_9343,272559,GCF_900445515.1
20,Bacteroides_fragilis_YCH46.xml,Bacteroides_fragilis_YCH46,295405,GCF_900624785.1
21,Bacteroides_ovatus_ATCC_8483.xml,Bacteroides_ovatus_ATCC_8483,411476,GCF_000154125.1
22,Bacteroides_ovatus_SD_CC_2a.xml,Bacteroides_ovatus_SD_CC_2a,702444,GCF_964250545.1
23,Bacteroides_ovatus_SD_CMC_3f.xml,Bacteroides_ovatus_SD_CMC_3f,702443,GCF_000178275.1
24,Bacteroides_thetaiotaomicron_VPI_5482.xml,Bacteroides_thetaiotaomicron_VPI_5482,226186,GCF_900624795.1
25,Bacteroides_ureolyticus_DSM_20703.xml,Bacteroides_ureolyticus_DSM_20703,1121102,GCF_000374605.1
26,Bacteroides_vulgatus_ATCC_8482.xml,Bacteroides_vulgatus_ATCC_8482,435590,GCF_964260205.1
27,Bacteroides_xylanisolvens_SD_CC_1b.xml,Bacteroides_xylanisolvens_SD_CC_1b,702447,GCF_964260535.1
28,Bacteroides_xylanisolvens_XB1A.xml,Bacteroides_xylanisolvens_XB1A,657309,GCF_000210075.1
29,Bifidobacterium_adolescentis_ATCC_15703.xml,Bifidobacterium_adolescentis_ATCC_15703,367928,GCF_964260485.1
30,Bifidobacterium_angulatum_DSM_20098.xml,Bifidobacterium_angulatum_DSM_20098,518635,GCF_001025155.1
31,Bifidobacterium_animalis_lactis_AD011.xml,Bifidobacterium_animalis_lactis_AD011,442563,GCF_000021425.1
32,Bifidobacterium_animalis_lactis_BB_12.xml,Bifidobacterium_animalis_lactis_BB_12,552531,GCF_000025245.2
33,Bifidobacterium_animalis_lactis_Bi_07.xml,Bifidobacterium_animalis_lactis_Bi_07,742729,GCF_000277345.1
34,Bifidobacterium_animalis_lactis_Bl_04_ATCC_SD5219.xml,Bifidobacterium_animalis_lactis_Bl_04_ATCC_SD5219,580050,GCF_000022705.1
35,Bifidobacterium_animalis_lactis_CNCM_I_2494.xml,Bifidobacterium_animalis_lactis_CNCM_I_2494,1042403,GCF_000220885.1
36,Bifidobacterium_animalis_lactis_DSM_10140.xml,Bifidobacterium_animalis_lactis_DSM_10140,302911,GCF_047716595.1
37,Bifidobacterium_animalis_lactis_V9.xml,Bifidobacterium_animalis_lactis_V9,573236,GCF_000092765.1
38,Bifidobacterium_bifidum_BGN4.xml,Bifidobacterium_bifidum_BGN4,484020,GCF_000265095.1
39,Bifidobacterium_bifidum_NCIMB_41171.xml,Bifidobacterium_bifidum_NCIMB_41171,398513,GCF_000273525.1
40,Bifidobacterium_bifidum_PRL2010.xml,Bifidobacterium_bifidum_PRL2010,702459,GCF_000165905.1
41,Bifidobacterium_bifidum_S17.xml,Bifidobacterium_bifidum_S17,883062,GCF_000164965.1
42,Bifidobacterium_breve_HPH0326.xml,Bifidobacterium_breve_HPH0326,1203540,GCF_000411435.1
43,Bifidobacterium_breve_UCC2003_NCIMB8807.xml,Bifidobacterium_breve_UCC2003_NCIMB8807,326426,GCF_000220135.1
44,Bifidobacterium_catenulatum_DSM_16992.xml,Bifidobacterium_catenulatum_DSM_16992,566552,GCF_001025195.1
45,Bifidobacterium_dentium_ATCC_27678.xml,Bifidobacterium_dentium_ATCC_27678,473819,GCF_000172135.1
46,Bifidobacterium_kashiwanohense_DSM_21854.xml,Bifidobacterium_kashiwanohense_DSM_21854,1150460,GCF_001042615.1
47,Bifidobacterium_longum_DJO10A.xml,Bifidobacterium_longum_DJO10A,205913,GCF_000166895.2
48,Bifidobacterium_longum_E18.xml,Bifidobacterium_longum_E18,1322347,GCF_000497735.1
49,Bifidobacterium_longum_NCC2705.xml,Bifidobacterium_longum_NCC2705,206672,GCF_000007525.1
50,Bifidobacterium_longum_infantis_157F_NC.xml,Bifidobacterium_longum_infantis_157F_NC,565040,GCF_000196575.1
51,Bifidobacterium_longum_infantis_ATCC_15697.xml,Bifidobacterium_longum_infantis_ATCC_15697,1682,GCF_046199715.1
52,Bifidobacterium_longum_longum_ATCC_55813.xml,Bifidobacterium_longum_longum_ATCC_55813,548480,GCF_000003135.1
53,Bifidobacterium_longum_longum_BBMN68.xml,Bifidobacterium_longum_longum_BBMN68,890402,GCF_000166315.1
54,Bifidobacterium_longum_longum_CCUG_52486.xml,Bifidobacterium_longum_longum_CCUG_52486,537937,GCF_000155415.1
55,Bifidobacterium_longum_longum_JCM_1217.xml,Bifidobacterium_longum_longum_JCM_1217,565042,GCF_964259635.1
56,Bifidobacterium_longum_longum_JDM301.xml,Bifidobacterium_longum_longum_JDM301,759350,GCF_000092325.1
57,Bifidobacterium_pseudocatenulatum_DSM_20438.xml,Bifidobacterium_pseudocatenulatum_DSM_20438,547043,GCA_964240745.1
58,Bifidobacterium_pseudolongum_subsp_Pseudolongum_DSM_20099.xml,Bifidobacterium_pseudolongum_subsp_Pseudolongum_DSM_20099,1437595,GCF_000771225.1
59,Bifidobacterium_scardovii_JCM_12489.xml,Bifidobacterium_scardovii_JCM_12489,1150461,GCF_001042635.1
60,Bifidobacterium_thermophilum_RBL67.xml,Bifidobacterium_thermophilum_RBL67,1254439,GCF_000347695.1
61,Blautia_hansenii_VPI_C7_24_DSM_20583.xml,Blautia_hansenii_VPI_C7_24_DSM_20583,537007,GCF_025147655.1
62,Blautia_obeum_ATCC_29174.xml,Blautia_obeum_ATCC_29174,411459,GCF_025147765.1
63,Brachyspira_pilosicoli_B2904.xml,Brachyspira_pilosicoli_B2904,1133568,GCF_000296575.1
64,Butyrivibrio_fibrisolvens_16_4.xml,Butyrivibrio_fibrisolvens_16_4,657324,GCF_000209815.1
65,Campylobacter_concisus_13826.xml,Campylobacter_concisus_13826,360104,GCF_000017725.2
66,Campylobacter_gracilis_RM3268.xml,Campylobacter_gracilis_RM3268,553220,GCF_000175875.1
67,Campylobacter_hominis_ATCC_BAA_381.xml,Campylobacter_hominis_ATCC_BAA_381,360107,GCF_000017585.1
68,Campylobacter_jejuni_jejuni_81_176.xml,Campylobacter_jejuni_jejuni_81_176,354242,GCF_000168755.1
69,Campylobacter_jejuni_jejuni_ICDCCJ07004.xml,Campylobacter_jejuni_jejuni_ICDCCJ07004,1295400,GCF_000355845.1
70,Campylobacter_jejuni_jejuni_M1.xml,Campylobacter_jejuni_jejuni_M1,645464,GCF_000148705.1
71,Campylobacter_jejuni_jejuni_NCTC_11168.xml,Campylobacter_jejuni_jejuni_NCTC_11168,192222,GCF_013392775.1
72,Cellulosilyticum_lentocellum_DSM_5427.xml,Cellulosilyticum_lentocellum_DSM_5427,642492,GCF_000178835.2
73,Citrobacter_freundii_ATCC_8090.xml,Citrobacter_freundii_ATCC_8090,1006003,GCF_011064845.1
74,Citrobacter_freundii_UCI_31.xml,Citrobacter_freundii_UCI_31,1400136,GCF_000521965.1
75,Citrobacter_koseri_ATCC_BAA_895.xml,Citrobacter_koseri_ATCC_BAA_895,290338,GCF_000018045.1
76,Clostridium_acetobutylicum_ATCC_824.xml,Clostridium_acetobutylicum_ATCC_824,272562,GCF_000008765.1
77,Clostridium_bolteae_ATCC_BAA_613.xml,Clostridium_bolteae_ATCC_BAA_613,411902,GCF_000154365.1
78,Clostridium_botulinum_A_str_ATCC_19397.xml,Clostridium_botulinum_A_str_ATCC_19397,441770,GCF_000017025.1
79,Clostridium_botulinum_A_str_ATCC_3502.xml,Clostridium_botulinum_A_str_ATCC_3502,413999,GCF_000063585.1
80,Clostridium_botulinum_A_str_Hall.xml,Clostridium_botulinum_A_str_Hall,441771,GCF_000017045.1
81,Clostridium_botulinum_Bf.xml,Clostridium_botulinum_Bf,445336,GCF_000171075.1
82,Clostridium_botulinum_E1_str_BoNT_E_Beluga.xml,Clostridium_botulinum_E1_str_BoNT_E_Beluga,536233,GCF_000175335.1
83,Clostridium_botulinum_F_str_230613.xml,Clostridium_botulinum_F_str_230613,758678,GCF_000092345.1
84,Clostridium_butyricum_DSM_10702.xml,Clostridium_butyricum_DSM_10702,1316931,GCF_000409755.1
85,Clostridium_butyricum_E4_str_BoNT_E_BL5262.xml,Clostridium_butyricum_E4_str_BoNT_E_BL5262,632245,GCF_964242235.1
86,Clostridium_difficile_CD196.xml,Clostridium_difficile_CD196,645462,GCA_029089605.1
87,Clostridium_difficile_NAP07.xml,Clostridium_difficile_NAP07,525258,GCF_000164655.1
88,Clostridium_difficile_NAP08.xml,Clostridium_difficile_NAP08,525259,GCF_000164175.1
89,Clostridium_difficile_R20291.xml,Clostridium_difficile_R20291,645463,GCF_027625435.1
90,Clostridium_innocuum_2959.xml,Clostridium_innocuum_2959,999413,GCA_964243975.1
91,Clostridium_perfringens_ATCC_13124.xml,Clostridium_perfringens_ATCC_13124,195103,GCF_000013285.1
92,Clostridium_saccharoperbutylacetonicum_N1_4_HMT.xml,Clostridium_saccharoperbutylacetonicum_N1_4_HMT,931276,GCF_000334435.1
93,Clostridium_sordellii_ATCC_9714.xml,Clostridium_sordellii_ATCC_9714,1292036,GCF_000444075.1
94,Clostridium_sporogenes_ATCC_15579.xml,Clostridium_sporogenes_ATCC_15579,471871,GCF_000155085.1
95,Clostridium_sticklandii_DSM_519.xml,Clostridium_sticklandii_DSM_519,499177,
96,Clostridium_tyrobutyricum_DSM_2637.xml,Clostridium_tyrobutyricum_DSM_2637,1121342,GCF_000359585.1
97,Collinsella_aerofaciens_ATCC_25986.xml,Collinsella_aerofaciens_ATCC_25986,411903,GCF_964259715.1
98,Coprococcus_catus_GD_7.xml,Coprococcus_catus_GD_7,717962,GCF_000210555.1
99,Corynebacterium_aurimucosum_ATCC_700975.xml,Corynebacterium_aurimucosum_ATCC_700975,548476,GCF_007672725.1
100,Desulfovibrio_desulfuricans_subsp_desulfuricans_DSM_642.xml,Desulfovibrio_desulfuricans_subsp_desulfuricans_DSM_642,1121445,GCF_000420465.1
101,Desulfovibrio_piger_ATCC_29098.xml,Desulfovibrio_piger_ATCC_29098,411464,GCF_000156375.1
102,Eggerthella_lenta_DSM_2243.xml,Eggerthella_lenta_DSM_2243,479437,GCF_000024265.1
103,Enterobacter_cancerogenus_ATCC_35316.xml,Enterobacter_cancerogenus_ATCC_35316,500639,GCF_000155995.1
104,Enterobacter_cloacae_EcWSU1.xml,Enterobacter_cloacae_EcWSU1,1045856,
105,Enterococcus_casseliflavus_ATCC_12755.xml,Enterococcus_casseliflavus_ATCC_12755,888066,GCF_000191365.1
106,Enterococcus_cecorum_DSM_20682.xml,Enterococcus_cecorum_DSM_20682,1121864,GCF_947055815.1
107,Enterococcus_durans_ATCC_6056.xml,Enterococcus_durans_ATCC_6056,1140001,GCF_000407265.1
108,Enterococcus_faecalis_OG1RF_ATCC_47077.xml,Enterococcus_faecalis_OG1RF_ATCC_47077,474186,GCF_043099445.1
109,Enterococcus_faecalis_TX0104.xml,Enterococcus_faecalis_TX0104,491074,GCF_000159255.1
110,Enterococcus_faecalis_TX1322.xml,Enterococcus_faecalis_TX1322,525278,GCF_000159275.1
111,Enterococcus_faecalis_TX2134.xml,Enterococcus_faecalis_TX2134,749518,GCF_000148065.1
112,Enterococcus_faecalis_V583.xml,Enterococcus_faecalis_V583,226185,GCF_022406515.1
113,Enterococcus_faecium_TX1330.xml,Enterococcus_faecium_TX1330,525279,GCF_003583905.1
114,Enterococcus_hirae_ATCC_9790.xml,Enterococcus_hirae_ATCC_9790,768486,GCA_905186115.1
115,Escherichia_albertii_KF1.xml,Escherichia_albertii_KF1,1440052,GCF_000512125.1
116,Escherichia_albertii_TW07627.xml,Escherichia_albertii_TW07627,502347,GCF_000155105.1
117,Escherichia_coli_O157_H7_str_Sakai.xml,Escherichia_coli_O157_H7_str_Sakai,386585,GCF_000008865.2
118,Escherichia_coli_SE11.xml,Escherichia_coli_SE11,409438,GCF_000010385.1
119,Escherichia_coli_UTI89_UPEC.xml,Escherichia_coli_UTI89_UPEC,364106,GCA_048859565.1
120,Escherichia_coli_str_K_12_substr_MG1655.xml,Escherichia_coli_str_K_12_substr_MG1655,511145,GCF_045343875.1
121,Escherichia_fergusonii_ATCC_35469.xml,Escherichia_fergusonii_ATCC_35469,585054,GCF_000026225.1
122,Eubacterium_cellulosolvens_6.xml,Eubacterium_cellulosolvens_6,633697,
123,Eubacterium_cylindroides_T2_87.xml,Eubacterium_cylindroides_T2_87,717960,GCF_000210615.1
124,Eubacterium_eligens_ATCC_27750.xml,Eubacterium_eligens_ATCC_27750,515620,GCF_000146185.1
125,Eubacterium_hallii_DSM_3353.xml,Eubacterium_hallii_DSM_3353,411469,GCF_000173975.1
126,Eubacterium_hallii_L2_7.xml,Eubacterium_hallii_L2_7,411487,GCF_048164435.1
127,Eubacterium_limosum_KIST612.xml,Eubacterium_limosum_KIST612,903814,
128,Eubacterium_sulci_ATCC_35585.xml,Eubacterium_sulci_ATCC_35585,888727,GCF_001189495.1
129,Faecalibacterium_prausnitzii_A2_165.xml,Faecalibacterium_prausnitzii_A2_165,411483,GCF_040095415.1
130,Faecalibacterium_prausnitzii_L2_6.xml,Faecalibacterium_prausnitzii_L2_6,718252,GCF_000210735.1
131,Faecalibacterium_prausnitzii_M21_2.xml,Faecalibacterium_prausnitzii_M21_2,411485,GCF_000154385.1
132,Faecalibacterium_prausnitzii_SL3_3.xml,Faecalibacterium_prausnitzii_SL3_3,657322,GCF_000209855.1
133,Filifactor_alocis_ATCC_35896.xml,Filifactor_alocis_ATCC_35896,546269,GCF_000163895.2
134,Finegoldia_magna_ATCC_29328.xml,Finegoldia_magna_ATCC_29328,334413,GCF_000010185.1
135,Flavonifractor_plautii_ATCC_29863.xml,Flavonifractor_plautii_ATCC_29863,411475,GCF_000239295.1
136,Fusobacterium_gonidiaformans_3_1_5R.xml,Fusobacterium_gonidiaformans_3_1_5R,469605,GCF_000158235.1
137,Fusobacterium_gonidiaformans_ATCC_25563.xml,Fusobacterium_gonidiaformans_ATCC_25563,469615,GCF_003019695.1
138,Fusobacterium_mortiferum_ATCC_9817.xml,Fusobacterium_mortiferum_ATCC_9817,469616,GCF_964250655.1
139,Fusobacterium_nucleatum_subsp_animalis_3_1_33.xml,Fusobacterium_nucleatum_subsp_animalis_3_1_33,469603,GCF_000162355.2
140,Fusobacterium_nucleatum_subsp_animalis_7_1.xml,Fusobacterium_nucleatum_subsp_animalis_7_1,457405,GCF_000273625.1
141,Fusobacterium_nucleatum_subsp_animalis_D11.xml,Fusobacterium_nucleatum_subsp_animalis_D11,556264,GCF_000158535.2
142,Fusobacterium_nucleatum_subsp_nucleatum_ATCC_25586.xml,Fusobacterium_nucleatum_subsp_nucleatum_ATCC_25586,190304,GCF_964642115.1
143,Fusobacterium_nucleatum_subsp_vincentii_3_1_27.xml,Fusobacterium_nucleatum_subsp_vincentii_3_1_27,469602,GCF_000163915.2
144,Fusobacterium_nucleatum_subsp_vincentii_3_1_36A2.xml,Fusobacterium_nucleatum_subsp_vincentii_3_1_36A2,469604,GCF_000162235.2
145,Fusobacterium_nucleatum_subsp_vincentii_4_1_13.xml,Fusobacterium_nucleatum_subsp_vincentii_4_1_13,469606,GCF_000158255.2
146,Fusobacterium_periodonticum_1_1_41FAA.xml,Fusobacterium_periodonticum_1_1_41FAA,469621,GCF_000163935.1
147,Fusobacterium_periodonticum_2_1_31.xml,Fusobacterium_periodonticum_2_1_31,469599,GCF_000158215.3
148,Fusobacterium_ulcerans_ATCC_49185.xml,Fusobacterium_ulcerans_ATCC_49185,469617,GCF_900683735.1
149,Fusobacterium_varium_ATCC_27725.xml,Fusobacterium_varium_ATCC_27725,469618,GCF_003019655.1
150,Gemella_morbillorum_M424.xml,Gemella_morbillorum_M424,562982,GCF_000185645.1
151,Gordonibacter_pamelaeae_7_10_1_bT_DSM_19378.xml,Gordonibacter_pamelaeae_7_10_1_bT_DSM_19378,471189,GCA_048503095.1
152,Haemophilus_haemolyticus_M19501.xml,Haemophilus_haemolyticus_M19501,1028803,GCF_000222025.1
153,Haemophilus_influenzae_R2846.xml,Haemophilus_influenzae_R2846,262727,GCF_000165575.1
154,Haemophilus_parainfluenzae_T3T1.xml,Haemophilus_parainfluenzae_T3T1,862965,GCF_000210895.1
155,Hafnia_alvei_ATCC_51873.xml,Hafnia_alvei_ATCC_51873,1002364,GCF_000239255.1
156,Hafnia_alvei_BIDMC_31.xml,Hafnia_alvei_BIDMC_31,1328337,GCF_000521985.1
157,Helicobacter_canadensis_MIT_98_5491.xml,Helicobacter_canadensis_MIT_98_5491,537970,GCF_000162575.1
158,Helicobacter_pylori_26695.xml,Helicobacter_pylori_26695,85962,GCF_000307795.1
159,Klebsiella_oxytoca_KCTC_1686.xml,Klebsiella_oxytoca_KCTC_1686,1006551,GCF_000240325.1
160,Klebsiella_pneumoniae_pneumoniae_MGH78578.xml,Klebsiella_pneumoniae_pneumoniae_MGH78578,1328388,GCA_022305115.1
161,Lactobacillus_acidophilus_ATCC_4796.xml,Lactobacillus_acidophilus_ATCC_4796,525306,GCF_000159715.1
162,Lactobacillus_acidophilus_NCFM.xml,Lactobacillus_acidophilus_NCFM,272621,GCF_000011985.1
163,Lactobacillus_amylolyticus_DSM_11664.xml,Lactobacillus_amylolyticus_DSM_11664,585524,GCF_001435665.1
164,Lactobacillus_amylovorus_GRL_1112.xml,Lactobacillus_amylovorus_GRL_1112,695560,GCF_000182855.2
165,Lactobacillus_casei_ATCC_334.xml,Lactobacillus_casei_ATCC_334,321967,GCF_000014525.1
166,Lactobacillus_casei_casei_BL23.xml,Lactobacillus_casei_casei_BL23,543734,
167,Lactobacillus_crispatus_125_2_CHN.xml,Lactobacillus_crispatus_125_2_CHN,575595,GCF_000162255.1
168,Lactobacillus_curvatus_CRL_705.xml,Lactobacillus_curvatus_CRL_705,1074451,GCF_000235705.1
169,Lactobacillus_delbrueckii_subsp_bulgaricus_ATCC_11842.xml,Lactobacillus_delbrueckii_subsp_bulgaricus_ATCC_11842,390333,GCF_029823585.1
170,Lactobacillus_delbrueckii_subsp_bulgaricus_ATCC_BAA_365.xml,Lactobacillus_delbrueckii_subsp_bulgaricus_ATCC_BAA_365,321956,GCF_000014405.1
171,Lactobacillus_fermentum_ATCC_14931.xml,Lactobacillus_fermentum_ATCC_14931,525325,GCA_905371965.1
172,Lactobacillus_fermentum_IFO_3956.xml,Lactobacillus_fermentum_IFO_3956,334390,GCF_000010145.1
173,Lactobacillus_gasseri_ATCC_33323.xml,Lactobacillus_gasseri_ATCC_33323,324831,GCF_029823575.1
174,Lactobacillus_jensenii_1153.xml,Lactobacillus_jensenii_1153,440497,GCF_000155915.2
175,Lactobacillus_johnsonii_DPC_6026.xml,Lactobacillus_johnsonii_DPC_6026,909954,GCF_000204985.1
176,Lactobacillus_johnsonii_NCC_533.xml,Lactobacillus_johnsonii_NCC_533,257314,GCF_000008065.1
177,Lactobacillus_mucosae_LM1.xml,Lactobacillus_mucosae_LM1,1130798,GCF_001040725.1
178,Lactobacillus_oris_F0423.xml,Lactobacillus_oris_F0423,944562,GCF_000221505.1
179,Lactobacillus_paracasei_subsp_paracasei_8700_2.xml,Lactobacillus_paracasei_subsp_paracasei_8700_2,537973,GCF_000155515.2
180,Lactobacillus_paracasei_subsp_paracasei_ATCC_25302.xml,Lactobacillus_paracasei_subsp_paracasei_ATCC_25302,525337,GCF_001436385.1
181,Lactobacillus_plantarum_JDM1.xml,Lactobacillus_plantarum_JDM1,644042,GCF_000023085.1
182,Lactobacillus_plantarum_WCFS1.xml,Lactobacillus_plantarum_WCFS1,220668,GCF_000203855.3
183,Lactobacillus_plantarum_subsp_plantarum_ATCC_14917.xml,Lactobacillus_plantarum_subsp_plantarum_ATCC_14917,525338,GCF_001434175.1
184,Lactobacillus_reuteri_CF48_3A_.xml,Lactobacillus_reuteri_CF48_3A_,525341,GCF_000159615.1
185,Lactobacillus_reuteri_F275_JCM_1112.xml,Lactobacillus_reuteri_F275_JCM_1112,557433,GCF_000010005.1
186,Lactobacillus_reuteri_MM2_3_.xml,Lactobacillus_reuteri_MM2_3_,585517,GCF_000160715.1
187,Lactobacillus_reuteri_MM4_1A_.xml,Lactobacillus_reuteri_MM4_1A_,548485,GCF_000159475.2
188,Lactobacillus_reuteri_SD2112_ATCC_55730.xml,Lactobacillus_reuteri_SD2112_ATCC_55730,491077,GCF_000159455.2
189,Lactobacillus_rhamnosus_GG_ATCC_53103.xml,Lactobacillus_rhamnosus_GG_ATCC_53103,568703,GCF_045061055.1
190,Lactobacillus_rhamnosus_LMS2_1.xml,Lactobacillus_rhamnosus_LMS2_1,525361,GCF_000160175.1
191,Lactobacillus_ruminis_ATCC_25644.xml,Lactobacillus_ruminis_ATCC_25644,525362,GCF_000225845.1
192,Lactobacillus_sakei_subsp_sakei_23K.xml,Lactobacillus_sakei_subsp_sakei_23K,314315,GCF_000026065.1
193,Lactobacillus_salivarius_HO66_ATCC_11741.xml,Lactobacillus_salivarius_HO66_ATCC_11741,1624,GCF_048572735.1
194,Lactobacillus_salivarius_salivarius_UCC118.xml,Lactobacillus_salivarius_salivarius_UCC118,362948,GCF_000008925.1
195,Lactococcus_garvieae_ATCC_49156.xml,Lactococcus_garvieae_ATCC_49156,420889,GCF_000407645.1
196,Lactococcus_lactis_subsp_lactis_Il1403.xml,Lactococcus_lactis_subsp_lactis_Il1403,272623,GCF_000006865.1
197,Lactococcus_raffinolactis_4877.xml,Lactococcus_raffinolactis_4877,1215915,GCF_000327305.1
198,Leptotrichia_buccalis_C_1013_b.xml,Leptotrichia_buccalis_C_1013_b,523794,GCF_000023905.1
199,Leuconostoc_gelidum_JB7.xml,Leuconostoc_gelidum_JB7,1229756,GCF_000298875.1
200,Leuconostoc_mesenteroides_subsp_cremoris_ATCC_19254.xml,Leuconostoc_mesenteroides_subsp_cremoris_ATCC_19254,586220,GCF_000160595.1
201,Megamonas_hypermegale_ART12_1.xml,Megamonas_hypermegale_ART12_1,657316,GCF_000209975.1
202,Megasphaera_elsdenii_DSM_20460.xml,Megasphaera_elsdenii_DSM_20460,1064535,GCF_003010495.1
203,Methanobrevibacter_smithii_ATCC_35061.xml,Methanobrevibacter_smithii_ATCC_35061,420247,GCF_028743435.1
204,Methanosphaera_stadtmanae_DSM_3091.xml,Methanosphaera_stadtmanae_DSM_3091,339860,GCF_000012545.1
205,Mobiluncus_curtisii_ATCC_43063.xml,Mobiluncus_curtisii_ATCC_43063,548479,GCF_000196535.1
206,Morganella_morganii_subsp_morganii_KT.xml,Morganella_morganii_subsp_morganii_KT,1124991,GCF_000286435.2
207,Mycoplasma_hominis_ATCC_23114.xml,Mycoplasma_hominis_ATCC_23114,347256,GCF_000085865.1
208,Neisseria_cinerea_ATCC_14685.xml,Neisseria_cinerea_ATCC_14685,546262,GCF_000173895.1
209,Neisseria_subflava_NJ9703.xml,Neisseria_subflava_NJ9703,546268,GCF_000173955.1
210,Odoribacter_splanchnicus_1651_6_DSM_20712.xml,Odoribacter_splanchnicus_1651_6_DSM_20712,709991,GCF_020736405.1
211,Olsenella_uli_DSM_7084.xml,Olsenella_uli_DSM_7084,633147,GCF_001437585.1
212,Oxalobacter_formigenes_HOxBLS.xml,Oxalobacter_formigenes_HOxBLS,556268,GCF_902387875.1
213,Oxalobacter_formigenes_OXCC13.xml,Oxalobacter_formigenes_OXCC13,556269,GCF_002128345.1
214,Parabacteroides_distasonis_ATCC_8503.xml,Parabacteroides_distasonis_ATCC_8503,435591,GCA_949495995.1
215,Parvimonas_micra_ATCC_33270.xml,Parvimonas_micra_ATCC_33270,411465,GCF_000154405.1
216,Pediococcus_acidilactici_7_4.xml,Pediococcus_acidilactici_7_4,563194,GCF_000163095.1
217,Pediococcus_acidilactici_DSM_20284.xml,Pediococcus_acidilactici_DSM_20284,862514,GCF_000146325.1
218,Pediococcus_pentosaceus_ATCC_25745.xml,Pediococcus_pentosaceus_ATCC_25745,278197,GCF_000014505.1
219,Peptostreptococcus_anaerobius_DSM_2949.xml,Peptostreptococcus_anaerobius_DSM_2949,1035196,GCF_000381525.1
220,Porphyromonas_asaccharolytica_DSM_20707.xml,Porphyromonas_asaccharolytica_DSM_20707,879243,GCF_000212375.1
221,Porphyromonas_gingivalis_W83.xml,Porphyromonas_gingivalis_W83,242619,GCF_000007585.1
222,Prevotella_denticola_DSM20614.xml,Prevotella_denticola_DSM20614,1122982,GCF_000613585.1
223,Prevotella_denticola_F0289.xml,Prevotella_denticola_F0289,767031,GCF_000193395.1
224,Prevotella_enoeca_JCM_12259.xml,Prevotella_enoeca_JCM_12259,1235815,GCF_000613405.1
225,Prevotella_intermedia_17.xml,Prevotella_intermedia_17,246198,GCF_000261025.1
226,Prevotella_intermedia_ATCC_25611.xml,Prevotella_intermedia_ATCC_25611,1122984,GCF_001953955.1
227,Prevotella_melaninogenica_ATCC_25845.xml,Prevotella_melaninogenica_ATCC_25845,553174,GCF_000144405.1
228,Prevotella_ruminicola_23.xml,Prevotella_ruminicola_23,264731,GCF_000025925.1
229,Propionibacterium_freudenreichii_subsp_shermanii_CIRM_BIA1.xml,Propionibacterium_freudenreichii_subsp_shermanii_CIRM_BIA1,754252,GCF_000091725.1
230,Proteus_mirabilis_ATCC_29906.xml,Proteus_mirabilis_ATCC_29906,525369,GCA_963860335.1
231,Pseudomonas_aeruginosa_NCGM2_S1.xml,Pseudomonas_aeruginosa_NCGM2_S1,1089456,GCF_000284555.1
232,Raoultella_planticola_ATCC_33531.xml,Raoultella_planticola_ATCC_33531,1005996,GCA_043708585.1
233,Roseburia_hominis_A2_183.xml,Roseburia_hominis_A2_183,585394,GCF_000225345.1
234,Roseburia_intestinalis_L1_82.xml,Roseburia_intestinalis_L1_82,536231,GCF_900537995.1
235,Rothia_aeria_F0474.xml,Rothia_aeria_F0474,1125724,GCF_000258205.1
236,Rothia_dentocariosa_ATCC_17931.xml,Rothia_dentocariosa_ATCC_17931,762948,GCF_000164695.2
237,Rothia_mucilaginosa_DY_18.xml,Rothia_mucilaginosa_DY_18,680646,GCF_000011025.1
238,Ruminococcus_albus_7.xml,Ruminococcus_albus_7,697329,GCF_000179635.2
239,Ruminococcus_bicirculans_80_3.xml,Ruminococcus_bicirculans_80_3,1160721,GCA_042848235.1
240,Ruminococcus_champanellensis_18P13.xml,Ruminococcus_champanellensis_18P13,213810,GCF_000210095.1
241,Ruminococcus_obeum_A2_162.xml,Ruminococcus_obeum_A2_162,657314,GCF_000210015.1
242,Ruminococcus_torques_ATCC_27756.xml,Ruminococcus_torques_ATCC_27756,411460,GCF_000153925.1
243,Ruminococcus_torques_L2_14.xml,Ruminococcus_torques_L2_14,657313,GCF_000210035.1
244,Scardovia_inopinata_F0304.xml,Scardovia_inopinata_F0304,641146,GCF_000163755.1
245,Serratia_marcescens_subsp_marcescens_Db11.xml,Serratia_marcescens_subsp_marcescens_Db11,273526,GCF_000513215.1
246,Shigella_dysenteriae_Sd197.xml,Shigella_dysenteriae_Sd197,300267,GCF_000012005.1
247,Shigella_flexneri_2002017.xml,Shigella_flexneri_2002017,591020,GCF_000022245.1
248,Shigella_sonnei_Ss046.xml,Shigella_sonnei_Ss046,300269,GCF_000092525.1
249,Staphylococcus_aureus_subsp_aureus_USA300_FPR3757.xml,Staphylococcus_aureus_subsp_aureus_USA300_FPR3757,451515,GCF_000013465.1
250,Staphylococcus_epidermidis_ATCC_12228.xml,Staphylococcus_epidermidis_ATCC_12228,176280,GCF_008868245.1
251,Staphylococcus_hominis_subsp_hominis_C80.xml,Staphylococcus_hominis_subsp_hominis_C80,435837,GCF_000183685.1
252,Staphylococcus_saprophyticus_subsp_saprophyticus_ATCC_15305.xml,Staphylococcus_saprophyticus_subsp_saprophyticus_ATCC_15305,342451,GCF_006094355.1
253,Staphylococcus_simulans_ACS_120_V_Sch1.xml,Staphylococcus_simulans_ACS_120_V_Sch1,883166,GCF_000314755.2
254,Staphylococcus_xylosus_DMB3_Bh1.xml,Staphylococcus_xylosus_DMB3_Bh1,1353979,GCF_000467225.1
255,Staphylococcus_xylosus_NJ.xml,Staphylococcus_xylosus_NJ,1262650,GCF_000338275.1
256,Streptococcus_agalactiae_A909.xml,Streptococcus_agalactiae_A909,205921,GCF_000012705.1
257,Streptococcus_anginosus_1_2_62CV.xml,Streptococcus_anginosus_1_2_62CV,742820,GCF_000186545.1
258,Streptococcus_australis_ATCC_700641.xml,Streptococcus_australis_ATCC_700641,888833,GCF_000222745.1
259,Streptococcus_constellatus_subsp_constellatus_SK53.xml,Streptococcus_constellatus_subsp_constellatus_SK53,1095730,GCF_000257785.1
260,Streptococcus_constellatus_subsp_pharyngis_SK1060.xml,Streptococcus_constellatus_subsp_pharyngis_SK1060,1035184,GCF_000223295.1
261,Streptococcus_cristatus_ATCC_51100.xml,Streptococcus_cristatus_ATCC_51100,889201,GCF_011612585.1
262,Streptococcus_dysgalactiae_subsp_dysgalactiae_ATCC_27957.xml,Streptococcus_dysgalactiae_subsp_dysgalactiae_ATCC_27957,663952,GCF_000188315.1
263,Streptococcus_equinus_ATCC_9812.xml,Streptococcus_equinus_ATCC_9812,525379,GCF_000187265.1
264,Streptococcus_gallolyticus_subsp_gallolyticus_ATCC_43143.xml,Streptococcus_gallolyticus_subsp_gallolyticus_ATCC_43143,981539,GCF_000270145.1
265,Streptococcus_gordonii_str_Challis_substr_CH1.xml,Streptococcus_gordonii_str_Challis_substr_CH1,467705,GCF_000017005.1
266,Streptococcus_infantarius_subsp_infantarius_ATCC_BAA_102.xml,Streptococcus_infantarius_subsp_infantarius_ATCC_BAA_102,471872,GCF_000154985.1
267,Streptococcus_intermedius_JTH08.xml,Streptococcus_intermedius_JTH08,591365,GCF_000306805.1
268,Streptococcus_lutetiensis_033.xml,Streptococcus_lutetiensis_033,1076934,GCF_000441535.1
269,Streptococcus_mitis_NCTC_12261.xml,Streptococcus_mitis_NCTC_12261,246201,GCF_000148585.2
270,Streptococcus_mutans_ATCC_25175.xml,Streptococcus_mutans_ATCC_25175,1257041,GCF_000347875.1
271,Streptococcus_oralis_Uo5.xml,Streptococcus_oralis_Uo5,927666,GCF_000253155.1
272,Streptococcus_parasanguinis_ATCC_903.xml,Streptococcus_parasanguinis_ATCC_903,888048,GCF_000187505.1
273,Streptococcus_pneumoniae_G54.xml,Streptococcus_pneumoniae_G54,512566,GCF_000019825.1
274,Streptococcus_pseudopneumoniae_IS7493.xml,Streptococcus_pseudopneumoniae_IS7493,1054460,GCF_000221985.1
275,Streptococcus_salivarius_JIM8777.xml,Streptococcus_salivarius_JIM8777,347253,GCF_000253315.1
276,Streptococcus_sanguinis_SK36.xml,Streptococcus_sanguinis_SK36,388919,GCF_964248575.1
277,Streptococcus_thermophilus_LMG_18311.xml,Streptococcus_thermophilus_LMG_18311,264199,GCF_000011825.1
278,Streptococcus_uberis_0140J.xml,Streptococcus_uberis_0140J,218495,GCF_000009545.1
279,Tannerella_forsythia_ATCC_43037.xml,Tannerella_forsythia_ATCC_43037,28112,GCF_042640895.1
280,Tropheryma_whipplei_str_Twist.xml,Tropheryma_whipplei_str_Twist,203267,GCF_000007485.1
281,Ureaplasma_parvum_serovar_1_str_ATCC_27813.xml,Ureaplasma_parvum_serovar_1_str_ATCC_27813,515608,GCF_000171375.1
282,Ureaplasma_urealyticum_serovar_8_str_ATCC_27618.xml,Ureaplasma_urealyticum_serovar_8_str_ATCC_27618,626095,GCF_000169535.1
283,Veillonella_atypica_ACS_049_V_Sch6.xml,Veillonella_atypica_ACS_049_V_Sch6,866776,GCF_000179735.1
284,Veillonella_parvula_Te3_DSM_2008.xml,Veillonella_parvula_Te3_DSM_2008,479436,GCF_000024945.1
285,Yersinia_enterocolitica_subsp_enterocolitica_8081.xml,Yersinia_enterocolitica_subsp_enterocolitica_8081,393305,GCF_000009345.1
